Dest,DrivingMiles,EuclidMiles,Orig
12TH,0,0,12TH
16TH,0,9.271613764449231,12TH
19TH,0,0.3224895096519742,12TH
24TH,0,10.157500801124826,12TH
ASHB,0,3.4458315631307093,12TH
BALB,0,12.791531779514695,12TH
BAYF,0,10.852638198951077,12TH
CAST,0,13.69899715328853,12TH
CIVC,0,8.222308170942425,12TH
COLS,0,5.349638539639129,12TH
COLM,0,15.895484575304126,12TH
CONC,0,19.30823140772964,12TH
DALY,0,14.405713308053908,12TH
DBRK,0,4.611333473240475,12TH
DUBL,0,23.329812620091975,12TH
DELN,0,9.524387476062449,12TH
PLZA,0,7.681626198353499,12TH
EMBR,0,6.907976346959199,12TH
FRMT,0,23.614401228698405,12TH
FTVL,0,3.2821611809987243,12TH
GLEN,0,11.741849707770807,12TH
HAYW,0,13.673891079407595,12TH
LAFY,0,10.968703028299789,12TH
LAKE,0,0.5378605106998015,12TH
MCAR,0,1.7428602527850967,12TH
MLBR,0,23.216151804568263,12TH
MONT,0,7.26993083114649,12TH
NBRK,0,5.501414736374397,12TH
NCON,0,21.36020536524892,12TH
ORIN,0,7.529572826342418,12TH
PITT,0,25.827450785785636,12TH
PHIL,0,15.853220012573772,12TH
POWL,0,7.688864025582216,12TH
RICH,0,11.632765588968635,12TH
ROCK,0,3.1424461114683524,12TH
SBRN,0,20.141572882791237,12TH
SFIA,0,22.124880519638193,12TH
SANL,0,8.276263931813535,12TH
SHAY,0,16.64195348572175,12TH
SSAN,0,17.756053842889678,12TH
UCTY,0,20.353797229265307,12TH
WCRK,0,14.163258513788978,12TH
WDUB,0,21.80431109186694,12TH
WOAK,0,1.25932947549149,12TH
12TH,0,9.27161376444917,16TH
16TH,0,0,16TH
19TH,0,9.594103274101144,16TH
24TH,0,0.8858870366755941,16TH
ASHB,0,12.71744532757988,16TH
BALB,0,3.519918015065464,16TH
BAYF,0,19.988331962670607,16TH
CAST,0,22.83469091700806,16TH
CIVC,0,1.049305593506594,16TH
COLS,0,14.485332303358657,16TH
COLM,0,6.6238708108548945,16TH
CONC,0,28.57984517217881,16TH
DALY,0,5.134099543604677,16TH
DBRK,0,13.882947237689645,16TH
DUBL,0,32.46550638381151,16TH
DELN,0,18.796001240511618,16TH
PLZA,0,16.95323996280267,16TH
EMBR,0,2.363637417489977,16TH
FRMT,0,32.750094992417935,16TH
FTVL,0,12.417854944718252,16TH
GLEN,0,2.4702359433215766,16TH
HAYW,0,22.809584843127126,16TH
LAFY,0,20.24031679274896,16TH
LAKE,0,9.67355427441933,16TH
MCAR,0,11.014474017234267,16TH
MLBR,0,13.94453804011903,16TH
MONT,0,2.001682933302677,16TH
NBRK,0,14.773028500823568,16TH
NCON,0,30.63181912969809,16TH
ORIN,0,16.801186590791588,16TH
PITT,0,35.09906455023481,16TH
PHIL,0,25.124833777022943,16TH
POWL,0,1.5827497388668008,16TH
RICH,0,20.904379353417802,16TH
ROCK,0,12.414059875917523,16TH
SBRN,0,10.869959118342003,16TH
SFIA,0,12.853266755188956,16TH
SANL,0,17.411957695533065,16TH
SHAY,0,25.77764724944128,16TH
SSAN,0,8.484440078440445,16TH
UCTY,0,29.489490992984837,16TH
WCRK,0,23.43487227823815,16TH
WDUB,0,30.94000485558647,16TH
WOAK,0,8.01228428895768,16TH
12TH,0,0.32248950965217094,19TH
16TH,0,9.594103274101403,19TH
19TH,0,0,19TH
24TH,0,10.479990310776998,19TH
ASHB,0,3.123342053478735,19TH
BALB,0,13.114021289166867,19TH
BAYF,0,11.175127708603249,19TH
CAST,0,14.021486662940703,19TH
CIVC,0,8.544797680594597,19TH
COLS,0,5.6721280492913,19TH
COLM,0,16.2179740849563,19TH
CONC,0,18.985741898077666,19TH
DALY,0,14.72820281770608,19TH
DBRK,0,4.288843963588501,19TH
DUBL,0,23.652302129744147,19TH
DELN,0,9.201897966410474,19TH
PLZA,0,7.359136688701524,19TH
EMBR,0,7.23046585661137,19TH
FRMT,0,23.936890738350577,19TH
FTVL,0,3.6046506906508955,19TH
GLEN,0,12.06433921742298,19TH
HAYW,0,13.996380589059767,19TH
LAFY,0,10.646213518647816,19TH
LAKE,0,0.8603500203519724,19TH
MCAR,0,1.4203707431331225,19TH
MLBR,0,23.538641314220435,19TH
MONT,0,7.592420340798661,19TH
NBRK,0,5.178925226722423,19TH
NCON,0,21.037715855596947,19TH
ORIN,0,7.207083316690444,19TH
PITT,0,25.504961276133663,19TH
PHIL,0,15.530730502921799,19TH
POWL,0,8.011353535234388,19TH
RICH,0,11.31027607931666,19TH
ROCK,0,2.8199566018163784,19TH
SBRN,0,20.46406239244341,19TH
SFIA,0,22.447370029290365,19TH
SANL,0,8.598753441465707,19TH
SHAY,0,16.964442995373922,19TH
SSAN,0,18.07854335254185,19TH
UCTY,0,20.67628673891748,19TH
WCRK,0,13.840769004137005,19TH
WDUB,0,22.12680060151911,19TH
WOAK,0,1.581818985143661,19TH
12TH,0,10.157500801124714,24TH
16TH,0,0.885887036675544,24TH
19TH,0,10.479990310776689,24TH
24TH,0,0,24TH
ASHB,0,13.603332364255424,24TH
BALB,0,2.63403097838987,24TH
BAYF,0,20.87421899934615,24TH
CAST,0,23.720577953683605,24TH
CIVC,0,1.935192630182138,24TH
COLS,0,15.371219340034202,24TH
COLM,0,5.7379837741793,24TH
CONC,0,29.46573220885436,24TH
DALY,0,4.248212506929082,24TH
DBRK,0,14.76883427436519,24TH
DUBL,0,33.35139342048705,24TH
DELN,0,19.681888277187163,24TH
PLZA,0,17.839126999478214,24TH
EMBR,0,3.249524454165521,24TH
FRMT,0,33.635982029093476,24TH
FTVL,0,13.303741981393797,24TH
GLEN,0,1.5843489066459824,24TH
HAYW,0,23.695471879802668,24TH
LAFY,0,21.126203829424508,24TH
LAKE,0,10.559441311094874,24TH
MCAR,0,11.900361053909812,24TH
MLBR,0,13.058651003443435,24TH
MONT,0,2.887569969978221,24TH
NBRK,0,15.658915537499112,24TH
NCON,0,31.51770616637364,24TH
ORIN,0,17.687073627467136,24TH
PITT,0,35.984951586910356,24TH
PHIL,0,26.01072081369849,24TH
POWL,0,2.4686367755423446,24TH
RICH,0,21.790266390093347,24TH
ROCK,0,13.299946912593068,24TH
SBRN,0,9.984072081666408,24TH
SFIA,0,11.967379718513362,24TH
SANL,0,18.29784473220861,24TH
SHAY,0,26.66353428611682,24TH
SSAN,0,7.59855304176485,24TH
UCTY,0,30.37537802966038,24TH
WCRK,0,24.320759314913698,24TH
WDUB,0,31.825891892262014,24TH
WOAK,0,8.898171325633225,24TH
12TH,0,3.445831563131164,ASHB
16TH,0,12.717445327580398,ASHB
19TH,0,3.123342053478993,ASHB
24TH,0,13.603332364255992,ASHB
ASHB,0,0,ASHB
BALB,0,16.23736334264586,ASHB
BAYF,0,14.298469762082242,ASHB
CAST,0,17.144828716419696,ASHB
CIVC,0,11.668139734073591,ASHB
COLS,0,8.795470102770294,ASHB
COLM,0,19.341316138435293,ASHB
CONC,0,19.26834246529035,ASHB
DALY,0,17.851544871185073,ASHB
DBRK,0,1.1655019101097661,ASHB
DUBL,0,26.77564418322314,ASHB
DELN,0,6.078555912931739,ASHB
PLZA,0,4.235794635222788,ASHB
EMBR,0,10.353807910090364,ASHB
FRMT,0,27.06023279182957,ASHB
FTVL,0,6.727992744129889,ASHB
GLEN,0,15.187681270901974,ASHB
HAYW,0,17.11972264253876,ASHB
LAFY,0,10.928814085860498,ASHB
LAKE,0,3.9836920738309654,ASHB
MCAR,0,1.7029713103458062,ASHB
MLBR,0,26.661983367699428,ASHB
MONT,0,10.715762394277656,ASHB
NBRK,0,2.0555831732436873,ASHB
NCON,0,21.32031642280963,ASHB
ORIN,0,7.489683883903128,ASHB
PITT,0,25.787561843346346,ASHB
PHIL,0,15.813331070134481,ASHB
POWL,0,11.134695588713383,ASHB
RICH,0,8.186934025837925,ASHB
ROCK,0,3.102557169029062,ASHB
SBRN,0,23.587404445922402,ASHB
SFIA,0,25.570712082769358,ASHB
SANL,0,11.7220954949447,ASHB
SHAY,0,20.087785048852915,ASHB
SSAN,0,21.201885406020843,ASHB
UCTY,0,23.799628792396472,ASHB
WCRK,0,14.123369571349688,ASHB
WDUB,0,25.250142654998104,ASHB
WOAK,0,4.705161038622654,ASHB
12TH,0,12.79153177951449,BALB
16TH,0,3.51991801506532,BALB
19TH,0,13.114021289166464,BALB
24TH,0,2.6340309783897764,BALB
ASHB,0,16.2373633426452,BALB
BALB,0,0,BALB
BAYF,0,23.508249977735925,BALB
CAST,0,26.35460893207338,BALB
CIVC,0,4.569223608571914,BALB
COLS,0,18.005250318423975,BALB
COLM,0,3.1039527957894304,BALB
CONC,0,32.099763187244136,BALB
DALY,0,1.6141815285392123,BALB
DBRK,0,17.402865252754964,BALB
DUBL,0,35.98542439887682,BALB
DELN,0,22.315919255576937,BALB
PLZA,0,20.473157977867988,BALB
EMBR,0,5.883555432555297,BALB
FRMT,0,36.27001300748324,BALB
FTVL,0,15.937772959783572,BALB
GLEN,0,1.0496820717439208,BALB
HAYW,0,26.32950285819244,BALB
LAFY,0,23.76023480781428,BALB
LAKE,0,13.19347228948465,BALB
MCAR,0,14.534392032299587,BALB
MLBR,0,10.424620025053565,BALB
MONT,0,5.521600948367997,BALB
NBRK,0,18.292946515888886,BALB
NCON,0,34.151737144763416,BALB
ORIN,0,20.32110460585691,BALB
PITT,0,38.61898256530013,BALB
PHIL,0,28.644751792088265,BALB
POWL,0,5.102667753932121,BALB
RICH,0,24.42429736848312,BALB
ROCK,0,15.933977890982844,BALB
SBRN,0,7.3500411032765385,BALB
SFIA,0,9.333348740123492,BALB
SANL,0,20.931875710598383,BALB
SHAY,0,29.297565264506595,BALB
SSAN,0,4.9645220633749805,BALB
UCTY,0,33.00940900805015,BALB
WCRK,0,26.95479029330347,BALB
WDUB,0,34.45992287065179,BALB
WOAK,0,11.532202304023,BALB
12TH,0,10.852638198951052,BAYF
16TH,0,19.988331962670586,BAYF
19TH,0,11.175127708603027,BAYF
24TH,0,20.87421899934618,BAYF
ASHB,0,14.298469762081762,BAYF
BALB,0,23.50824997773605,BAYF
BAYF,0,0,BAYF
CAST,0,2.8463589543374535,BAYF
CIVC,0,18.93902636916378,BAYF
COLS,0,5.502999659311927,BAYF
COLM,0,26.612202773525482,BAYF
CONC,0,30.160869606680695,BAYF
DALY,0,25.122431506275262,BAYF
DBRK,0,15.463971672191528,BAYF
DUBL,0,12.477174421140898,BAYF
DELN,0,20.3770256750135,BAYF
PLZA,0,18.53426439730455,BAYF
EMBR,0,17.624694545180553,BAYF
FRMT,0,12.761763029747327,BAYF
FTVL,0,7.570477017952204,BAYF
GLEN,0,22.45856790599216,BAYF
HAYW,0,2.821252880456518,BAYF
LAFY,0,21.821341227250844,BAYF
LAKE,0,10.314777688251173,BAYF
MCAR,0,12.59549845173615,BAYF
MLBR,0,33.93287000278962,BAYF
MONT,0,17.986649029367843,BAYF
NBRK,0,16.35405293532545,BAYF
NCON,0,32.21284356419998,BAYF
ORIN,0,18.382211025293472,BAYF
PITT,0,36.68008898473669,BAYF
PHIL,0,26.705858211524827,BAYF
POWL,0,18.40558222380357,BAYF
RICH,0,22.485403787919683,BAYF
ROCK,0,13.995084310419406,BAYF
SBRN,0,30.85829108101259,BAYF
SFIA,0,32.84159871785955,BAYF
SANL,0,2.5763742671374072,BAYF
SHAY,0,5.789315286770673,BAYF
SSAN,0,28.472772041111032,BAYF
UCTY,0,9.50115903031423,BAYF
WCRK,0,25.015896712740034,BAYF
WDUB,0,10.951672892915862,BAYF
WOAK,0,11.976047673712845,BAYF
12TH,0,13.698997153288467,CAST
16TH,0,22.834690917008,CAST
19TH,0,14.021486662940442,CAST
24TH,0,23.720577953683595,CAST
ASHB,0,17.144828716419177,CAST
BALB,0,26.354608932073464,CAST
BAYF,0,2.8463589543374153,CAST
CAST,0,0,CAST
CIVC,0,21.785385323501195,CAST
COLS,0,8.349358613649342,CAST
COLM,0,29.458561727862897,CAST
CONC,0,33.00722856101811,CAST
DALY,0,27.968790460612677,CAST
DBRK,0,18.310330626528945,CAST
DUBL,0,9.630815466803444,CAST
DELN,0,23.223384629350917,CAST
PLZA,0,21.38062335164197,CAST
EMBR,0,20.471053499517968,CAST
FRMT,0,15.608121984084741,CAST
FTVL,0,10.416835972289618,CAST
GLEN,0,25.304926860329576,CAST
HAYW,0,5.667611834793933,CAST
LAFY,0,24.667700181588256,CAST
LAKE,0,13.161136642588588,CAST
MCAR,0,15.441857406073565,CAST
MLBR,0,36.77922895712703,CAST
MONT,0,20.833007983705258,CAST
NBRK,0,19.200411889662867,CAST
NCON,0,35.05920251853739,CAST
ORIN,0,21.228569979630883,CAST
PITT,0,39.5264479390741,CAST
PHIL,0,29.55221716586224,CAST
POWL,0,21.251941178140985,CAST
RICH,0,25.3317627422571,CAST
ROCK,0,16.84144326475682,CAST
SBRN,0,33.70465003535001,CAST
SFIA,0,35.68795767219696,CAST
SANL,0,5.4227332214748225,CAST
SHAY,0,8.635674241108088,CAST
SSAN,0,31.319130995448447,CAST
UCTY,0,12.347517984651645,CAST
WCRK,0,27.862255667077445,CAST
WDUB,0,8.105313938578409,CAST
WOAK,0,14.82240662805026,CAST
12TH,0,8.222308170942576,CIVC
16TH,0,1.0493055935068065,CIVC
19TH,0,8.54479768059455,CIVC
24TH,0,1.9351926301824007,CIVC
ASHB,0,11.668139734073286,CIVC
BALB,0,4.569223608572271,CIVC
BAYF,0,18.93902636916401,CIVC
CAST,0,21.785385323501465,CIVC
CIVC,0,0,CIVC
COLS,0,13.436026709852063,CIVC
COLM,0,7.673176404361701,CIVC
CONC,0,27.53053957867222,CIVC
DALY,0,6.1834051371114835,CIVC
DBRK,0,12.833641644183052,CIVC
DUBL,0,31.41620079030491,CIVC
DELN,0,17.746695647005026,CIVC
PLZA,0,15.903934369296076,CIVC
EMBR,0,1.3143318239833828,CIVC
FRMT,0,31.70078939891134,CIVC
FTVL,0,11.368549351211659,CIVC
GLEN,0,3.519541536828383,CIVC
HAYW,0,21.76027924962053,CIVC
LAFY,0,19.191011199242368,CIVC
LAKE,0,8.624248680912736,CIVC
MCAR,0,9.965168423727674,CIVC
MLBR,0,14.993843633625836,CIVC
MONT,0,0.9523773397960829,CIVC
NBRK,0,13.723722907316974,CIVC
NCON,0,29.5825135361915,CIVC
ORIN,0,15.751880997284996,CIVC
PITT,0,34.04975895672821,CIVC
PHIL,0,24.07552818351635,CIVC
POWL,0,0.5334441453602067,CIVC
RICH,0,19.85507375991121,CIVC
ROCK,0,11.36475428241093,CIVC
SBRN,0,11.91926471184881,CIVC
SFIA,0,13.902572348695763,CIVC
SANL,0,16.36265210202647,CIVC
SHAY,0,24.728341655934685,CIVC
SSAN,0,9.533745671947251,CIVC
UCTY,0,28.440185399478242,CIVC
WCRK,0,22.385566684731558,CIVC
WDUB,0,29.890699262079874,CIVC
WOAK,0,6.962978695451087,CIVC
12TH,0,5.349638539639126,COLS
16TH,0,14.485332303358662,COLS
19TH,0,5.6721280492911,COLS
24TH,0,15.371219340034257,COLS
ASHB,0,8.795470102769835,COLS
BALB,0,18.005250318424128,COLS
BAYF,0,5.50299965931195,COLS
CAST,0,8.349358613649404,COLS
CIVC,0,13.436026709851856,COLS
COLS,0,0,COLS
COLM,0,21.10920311421356,COLS
CONC,0,24.657869947368766,COLS
DALY,0,19.61943184696334,COLS
DBRK,0,9.960972012879601,COLS
DUBL,0,17.980174080452848,COLS
DELN,0,14.874026015701576,COLS
PLZA,0,13.031264737992625,COLS
EMBR,0,12.121694885868628,COLS
FRMT,0,18.26476268905928,COLS
FTVL,0,2.067477358640277,COLS
GLEN,0,16.95556824668024,COLS
HAYW,0,8.324252539768468,COLS
LAFY,0,16.318341567938916,COLS
LAKE,0,4.811778028939246,COLS
MCAR,0,7.092498792424222,COLS
MLBR,0,28.429870343477695,COLS
MONT,0,12.48364937005592,COLS
NBRK,0,10.851053276013523,COLS
NCON,0,26.709843904888046,COLS
ORIN,0,12.879211365981543,COLS
PITT,0,31.177089325424763,COLS
PHIL,0,21.2028585522129,COLS
POWL,0,12.902582564491647,COLS
RICH,0,16.98240412860776,COLS
ROCK,0,8.492084651107477,COLS
SBRN,0,25.35529142170067,COLS
SFIA,0,27.338599058547626,COLS
SANL,0,2.926625392174407,COLS
SHAY,0,11.292314946082623,COLS
SSAN,0,22.96977238179911,COLS
UCTY,0,15.00415868962618,COLS
WCRK,0,19.512897053428105,COLS
WDUB,0,16.454672552227812,COLS
WOAK,0,6.473048014400919,COLS
12TH,0,15.895484575303888,COLM
16TH,0,6.623870810854719,COLM
19TH,0,16.217974084955863,COLM
24TH,0,5.737983774179175,COLM
ASHB,0,19.3413161384346,COLM
BALB,0,3.1039527957893984,COLM
BAYF,0,26.612202773525325,COLM
CAST,0,29.45856172786278,COLM
CIVC,0,7.673176404361312,COLM
COLS,0,21.109203114213376,COLM
COLM,0,0,COLM
CONC,0,35.20371598303353,COLM
DALY,0,1.489771267250229,COLM
DBRK,0,20.506818048544368,COLM
DUBL,0,39.08937719466623,COLM
DELN,0,25.41987205136634,COLM
PLZA,0,23.57711077365739,COLM
EMBR,0,8.987508228344696,COLM
FRMT,0,39.37396580327265,COLM
FTVL,0,19.041725755572973,COLM
GLEN,0,4.153634867533319,COLM
HAYW,0,29.433455653981845,COLM
LAFY,0,26.86418760360368,COLM
LAKE,0,16.29742508527405,COLM
MCAR,0,17.638344828088986,COLM
MLBR,0,7.320667229264136,COLM
MONT,0,8.625553744157395,COLM
NBRK,0,21.39689931167829,COLM
NCON,0,37.25568994055281,COLM
ORIN,0,23.425057401646306,COLM
PITT,0,41.722935361089526,COLM
PHIL,0,31.74870458787766,COLM
POWL,0,8.206620549721519,COLM
RICH,0,27.528250164272524,COLM
ROCK,0,19.037930686772242,COLM
SBRN,0,4.246088307487109,COLM
SFIA,0,6.229395944334063,COLM
SANL,0,24.035828506387784,COLM
SHAY,0,32.401518060296,COLM
SSAN,0,1.8605692675855503,COLM
UCTY,0,36.11336180383955,COLM
WCRK,0,30.058743089092868,COLM
WDUB,0,37.56387566644119,COLM
WOAK,0,14.636155099812399,COLM
12TH,0,19.30823140772951,CONC
16TH,0,28.579845172178743,CONC
19TH,0,18.98574189807734,CONC
24TH,0,29.465732208854337,CONC
ASHB,0,19.268342465289766,CONC
BALB,0,32.09976318724421,CONC
BAYF,0,30.16086960668059,CONC
CAST,0,33.00722856101804,CONC
CIVC,0,27.530539578671938,CONC
COLS,0,24.65786994736864,CONC
COLM,0,35.20371598303364,CONC
CONC,0,0,CONC
DALY,0,33.71394471578342,CONC
DBRK,0,20.43384437539953,CONC
DUBL,0,42.63804402782148,CONC
DELN,0,25.346898378221503,CONC
PLZA,0,23.504137100512555,CONC
EMBR,0,26.21620775468871,CONC
FRMT,0,42.922632636427906,CONC
FTVL,0,22.590392588728236,CONC
GLEN,0,31.05008111550032,CONC
HAYW,0,32.982122487137104,CONC
LAFY,0,8.339528379429565,CONC
LAKE,0,19.846091918429313,CONC
MCAR,0,17.565371154944152,CONC
MLBR,0,42.52438321229778,CONC
MONT,0,26.578162238876,CONC
NBRK,0,21.323925638533453,CONC
NCON,0,2.0519739575192815,CONC
ORIN,0,11.778658581387024,CONC
PITT,0,6.519219378055997,CONC
PHIL,0,3.455011395155711,CONC
POWL,0,26.997095433311728,CONC
RICH,0,27.455276491127687,CONC
ROCK,0,16.165785296261035,CONC
SBRN,0,39.44980429052075,CONC
SFIA,0,41.433111927367705,CONC
SANL,0,27.584495339543047,CONC
SHAY,0,35.95018489345126,CONC
SSAN,0,37.06428525061919,CONC
UCTY,0,39.66202863699481,CONC
WCRK,0,5.144972893940371,CONC
WDUB,0,41.112542499596444,CONC
WOAK,0,20.567560883221002,CONC
12TH,0,14.40571330805366,DALY
16TH,0,5.134099543604489,DALY
19TH,0,14.728202817705634,DALY
24TH,0,4.248212506928946,DALY
ASHB,0,17.85154487118437,DALY
BALB,0,1.6141815285391696,DALY
BAYF,0,25.122431506275095,DALY
CAST,0,27.96879046061255,DALY
CIVC,0,6.183405137111084,DALY
COLS,0,19.619431846963145,DALY
COLM,0,1.4897712672502181,DALY
CONC,0,33.713944715783306,DALY
DALY,0,0,DALY
DBRK,0,19.017046781294134,DALY
DUBL,0,37.59960592741599,DALY
DELN,0,23.930100784116107,DALY
PLZA,0,22.087339506407158,DALY
EMBR,0,7.497736961094467,DALY
FRMT,0,37.88419453602241,DALY
FTVL,0,17.551954488322743,DALY
GLEN,0,2.6638636002830904,DALY
HAYW,0,27.94368438673161,DALY
LAFY,0,25.374416336353452,DALY
LAKE,0,14.80765381802382,DALY
MCAR,0,16.148573560838756,DALY
MLBR,0,8.810438496514355,DALY
MONT,0,7.135782476907167,DALY
NBRK,0,19.907128044428056,DALY
NCON,0,35.765918673302586,DALY
ORIN,0,21.93528613439608,DALY
PITT,0,40.2331640938393,DALY
PHIL,0,30.258933320627435,DALY
POWL,0,6.716849282471291,DALY
RICH,0,26.03847889702229,DALY
ROCK,0,17.548159419522012,DALY
SBRN,0,5.7358595747373275,DALY
SFIA,0,7.719167211584281,DALY
SANL,0,22.546057239137554,DALY
SHAY,0,30.911746793045765,DALY
SSAN,0,3.3503405348357687,DALY
UCTY,0,34.62359053658932,DALY
WCRK,0,28.56897182184264,DALY
WDUB,0,36.07410439919096,DALY
WOAK,0,13.14638383256217,DALY
12TH,0,4.611333473240682,DBRK
16TH,0,13.882947237689915,DBRK
19TH,0,4.288843963588511,DBRK
24TH,0,14.76883427436551,DBRK
ASHB,0,1.1655019101095183,DBRK
BALB,0,17.40286525275538,DBRK
BAYF,0,15.46397167219176,DBRK
CAST,0,18.310330626529215,DBRK
CIVC,0,12.833641644183109,DBRK
COLS,0,9.960972012879811,DBRK
COLM,0,20.50681804854481,DBRK
CONC,0,20.433844375399865,DBRK
DALY,0,19.017046781294592,DBRK
DBRK,0,0,DBRK
DUBL,0,27.94114609333266,DBRK
DELN,0,4.913054002821973,DBRK
PLZA,0,3.0702927251130228,DBRK
EMBR,0,11.519309820199881,DBRK
FRMT,0,28.22573470193909,DBRK
FTVL,0,7.893494654239407,DBRK
GLEN,0,16.35318318101149,DBRK
HAYW,0,18.28522455264828,DBRK
LAFY,0,12.094315995970016,DBRK
LAKE,0,5.149193983940484,DBRK
MCAR,0,2.8684732204553245,DBRK
MLBR,0,27.827485277808947,DBRK
MONT,0,11.881264304387173,DBRK
NBRK,0,0.8900812631339213,DBRK
NCON,0,22.485818332919145,DBRK
ORIN,0,8.655185794012645,DBRK
PITT,0,26.95306375345586,DBRK
PHIL,0,16.978832980243997,DBRK
POWL,0,12.3001974988229,DBRK
RICH,0,7.0214321157281585,DBRK
ROCK,0,4.26805907913858,DBRK
SBRN,0,24.75290635603192,DBRK
SFIA,0,26.736213992878877,DBRK
SANL,0,12.887597405054219,DBRK
SHAY,0,21.253286958962434,DBRK
SSAN,0,22.367387316130362,DBRK
UCTY,0,24.96513070250599,DBRK
WCRK,0,15.288871481459203,DBRK
WDUB,0,26.415644565107623,DBRK
WOAK,0,5.870662948732172,DBRK
12TH,0,23.32981262009193,DUBL
16TH,0,32.465506383811466,DUBL
19TH,0,23.6523021297439,DUBL
24TH,0,33.35139342048706,DUBL
ASHB,0,26.77564418322264,DUBL
BALB,0,35.98542439887693,DUBL
BAYF,0,12.477174421140877,DUBL
CAST,0,9.630815466803462,DUBL
CIVC,0,31.416200790304657,DUBL
COLS,0,17.9801740804528,DUBL
COLM,0,39.08937719466636,DUBL
CONC,0,42.63804402782157,DUBL
DALY,0,37.59960592741614,DUBL
DBRK,0,27.941146093332407,DUBL
DUBL,0,0,DUBL
DELN,0,32.85420009615438,DUBL
PLZA,0,31.01143881844543,DUBL
EMBR,0,30.10186896632143,DUBL
FRMT,0,25.238937450888205,DUBL
FTVL,0,20.04765143909308,DUBL
GLEN,0,34.93574232713304,DUBL
HAYW,0,15.298427301597394,DUBL
LAFY,0,34.298515648391714,DUBL
LAKE,0,22.79195210939205,DUBL
MCAR,0,25.072672872877025,DUBL
MLBR,0,46.4100444239305,DUBL
MONT,0,30.46382345050872,DUBL
NBRK,0,28.83122735646633,DUBL
NCON,0,44.69001798534085,DUBL
ORIN,0,30.859385446434345,DUBL
PITT,0,49.157263405877565,DUBL
PHIL,0,39.1830326326657,DUBL
POWL,0,30.882756644944447,DUBL
RICH,0,34.96257820906057,DUBL
ROCK,0,26.47225873156028,DUBL
SBRN,0,43.335465502153475,DUBL
SFIA,0,45.31877313900043,DUBL
SANL,0,15.053548688278283,DUBL
SHAY,0,18.26648970791155,DUBL
SSAN,0,40.949946462251916,DUBL
UCTY,0,21.978333451455107,DUBL
WCRK,0,37.4930711338809,DUBL
WDUB,0,1.5255015282250481,DUBL
WOAK,0,24.45322209485372,DUBL
12TH,0,9.524387476062675,DELN
16TH,0,18.796001240511906,DELN
19TH,0,9.201897966410504,DELN
24TH,0,19.6818882771875,DELN
ASHB,0,6.078555912931511,DELN
BALB,0,22.31591925557737,DELN
BAYF,0,20.37702567501375,DELN
CAST,0,23.223384629351205,DELN
CIVC,0,17.7466956470051,DELN
COLS,0,14.874026015701803,DELN
COLM,0,25.419872051366802,DELN
CONC,0,25.346898378221862,DELN
DALY,0,23.930100784116583,DELN
DBRK,0,4.913054002821993,DELN
DUBL,0,32.85420009615465,DELN
DELN,0,0,DELN
PLZA,0,1.8427612777090447,DELN
EMBR,0,16.432363823021873,DELN
FRMT,0,33.138788704761076,DELN
FTVL,0,12.806548657061398,DELN
GLEN,0,21.266237183833482,DELN
HAYW,0,23.198278555470267,DELN
LAFY,0,17.00736999879201,DELN
LAKE,0,10.062247986762475,DELN
MCAR,0,7.781527223277317,DELN
MLBR,0,32.74053928063094,DELN
MONT,0,16.794318307209164,DELN
NBRK,0,4.022972739688067,DELN
NCON,0,27.398872335741142,DELN
ORIN,0,13.56823979683464,DELN
PITT,0,31.86611775627786,DELN
PHIL,0,21.891886983065994,DELN
POWL,0,17.21325150164489,DELN
RICH,0,2.1083781129061854,DELN
ROCK,0,9.181113081960573,DELN
SBRN,0,29.665960358853912,DELN
SFIA,0,31.649267995700868,DELN
SANL,0,17.80065140787621,DELN
SHAY,0,26.16634096178442,DELN
SSAN,0,27.280441318952352,DELN
UCTY,0,29.87818470532798,DELN
WCRK,0,20.2019254842812,DELN
WDUB,0,31.328698567929614,DELN
WOAK,0,10.783716951554165,DELN
12TH,0,7.681626198353631,PLZA
16TH,0,16.95323996280286,PLZA
19TH,0,7.35913668870146,PLZA
24TH,0,17.839126999478456,PLZA
ASHB,0,4.235794635222467,PLZA
BALB,0,20.473157977868325,PLZA
BAYF,0,18.53426439730471,PLZA
CAST,0,21.380623351642164,PLZA
CIVC,0,15.903934369296056,PLZA
COLS,0,13.03126473799276,PLZA
COLM,0,23.577110773657758,PLZA
CONC,0,23.504137100512814,PLZA
DALY,0,22.087339506407538,PLZA
DBRK,0,3.0702927251129486,PLZA
DUBL,0,31.01143881844561,PLZA
DELN,0,1.84276127770895,PLZA
PLZA,0,0,PLZA
EMBR,0,14.589602545312829,PLZA
FRMT,0,31.29602742705204,PLZA
FTVL,0,10.963787379352356,PLZA
GLEN,0,19.423475906124438,PLZA
HAYW,0,21.35551727776123,PLZA
LAFY,0,15.164608721082965,PLZA
LAKE,0,8.219486709053433,PLZA
MCAR,0,5.938765945568273,PLZA
MLBR,0,30.897778002921896,PLZA
MONT,0,14.95155702950012,PLZA
NBRK,0,2.1802114619790216,PLZA
NCON,0,25.556111058032094,PLZA
ORIN,0,11.725478519125595,PLZA
PITT,0,30.02335647856881,PLZA
PHIL,0,20.049125705356946,PLZA
POWL,0,15.370490223935848,PLZA
RICH,0,3.9511393906151353,PLZA
ROCK,0,7.338351804251529,PLZA
SBRN,0,27.823199081144868,PLZA
SFIA,0,29.806506717991823,PLZA
SANL,0,15.957890130167169,PLZA
SHAY,0,24.323579684075384,PLZA
SSAN,0,25.437680041243308,PLZA
UCTY,0,28.03542342761894,PLZA
WCRK,0,18.359164206572153,PLZA
WDUB,0,29.485937290220573,PLZA
WOAK,0,8.94095567384512,PLZA
12TH,0,6.907976346959193,EMBR
16TH,0,2.3636374174900334,EMBR
19TH,0,7.230465856611167,EMBR
24TH,0,3.2495244541656274,EMBR
ASHB,0,10.353807910089902,EMBR
BALB,0,5.8835554325554975,EMBR
BAYF,0,17.62469454518063,EMBR
CAST,0,20.471053499518085,EMBR
CIVC,0,1.3143318239832267,EMBR
COLS,0,12.121694885868681,EMBR
COLM,0,8.987508228344927,EMBR
CONC,0,26.216207754688835,EMBR
DALY,0,7.497736961094709,EMBR
DBRK,0,11.519309820199668,EMBR
DUBL,0,30.10186896632153,EMBR
DELN,0,16.432363823021642,EMBR
PLZA,0,14.589602545312692,EMBR
EMBR,0,0,EMBR
FRMT,0,30.38645757492796,EMBR
FTVL,0,10.054217527228277,EMBR
GLEN,0,4.83387336081161,EMBR
HAYW,0,20.44594742563715,EMBR
LAFY,0,17.876679375258984,EMBR
LAKE,0,7.309916856929354,EMBR
MCAR,0,8.65083659974429,EMBR
MLBR,0,16.30817545760906,EMBR
MONT,0,0.3619544841872914,EMBR
NBRK,0,12.40939108333359,EMBR
NCON,0,28.268181712208115,EMBR
ORIN,0,14.437549173301612,EMBR
PITT,0,32.73542713274483,EMBR
PHIL,0,22.761196359532967,EMBR
POWL,0,0.7808876786230177,EMBR
RICH,0,18.540741935927826,EMBR
ROCK,0,10.050422458427546,EMBR
SBRN,0,13.233596535832035,EMBR
SFIA,0,15.216904172678989,EMBR
SANL,0,15.04832027804309,EMBR
SHAY,0,23.414009831951304,EMBR
SSAN,0,10.848077495930477,EMBR
UCTY,0,27.12585357549486,EMBR
WCRK,0,21.071234860748174,EMBR
WDUB,0,28.576367438096494,EMBR
WOAK,0,5.648646871467704,EMBR
12TH,0,23.614401228698284,FRMT
16TH,0,32.75009499241782,FRMT
19TH,0,23.936890738350257,FRMT
24TH,0,33.63598202909341,FRMT
ASHB,0,27.060232791828994,FRMT
BALB,0,36.270013007483286,FRMT
BAYF,0,12.761763029747234,FRMT
CAST,0,15.608121984084688,FRMT
CIVC,0,31.700789398911013,FRMT
COLS,0,18.26476268905916,FRMT
COLM,0,39.37396580327272,FRMT
CONC,0,42.92263263642793,FRMT
DALY,0,37.8841945360225,FRMT
DBRK,0,28.225734701938762,FRMT
DUBL,0,25.23893745088813,FRMT
DELN,0,33.138788704760735,FRMT
PLZA,0,31.296027427051786,FRMT
EMBR,0,30.386457574927785,FRMT
FRMT,0,0,FRMT
FTVL,0,20.332240047699436,FRMT
GLEN,0,35.2203309357394,FRMT
HAYW,0,9.94051014929088,FRMT
LAFY,0,34.58310425699807,FRMT
LAKE,0,23.076540717998405,FRMT
MCAR,0,25.35726148148338,FRMT
MLBR,0,46.694633032536856,FRMT
MONT,0,30.748412059115076,FRMT
NBRK,0,29.115815965072684,FRMT
NCON,0,44.97460659394721,FRMT
ORIN,0,31.1439740550407,FRMT
PITT,0,49.44185201448392,FRMT
PHIL,0,39.467621241272056,FRMT
POWL,0,31.167345253550803,FRMT
RICH,0,35.24716681766692,FRMT
ROCK,0,26.756847340166637,FRMT
SBRN,0,43.62005411075983,FRMT
SFIA,0,45.60336174760678,FRMT
SANL,0,15.338137296884641,FRMT
SHAY,0,6.97244774297668,FRMT
SSAN,0,41.23453507085827,FRMT
UCTY,0,3.2606039994330818,FRMT
WCRK,0,37.77765974248726,FRMT
WDUB,0,23.713435922663095,FRMT
WOAK,0,24.737810703460077,FRMT
12TH,0,3.2821611809988496,FTVL
16TH,0,12.417854944718387,FTVL
19TH,0,3.604650690650824,FTVL
24TH,0,13.303741981393982,FTVL
ASHB,0,6.727992744129558,FTVL
BALB,0,15.937772959783851,FTVL
BAYF,0,7.570477017952354,FTVL
CAST,0,10.416835972289807,FTVL
CIVC,0,11.36854935121158,FTVL
COLS,0,2.0674773586404043,FTVL
COLM,0,19.04172575557328,FTVL
CONC,0,22.590392588728488,FTVL
DALY,0,17.551954488323062,FTVL
DBRK,0,7.8934946542393245,FTVL
DUBL,0,20.04765143909325,FTVL
DELN,0,12.806548657061299,FTVL
PLZA,0,10.963787379352349,FTVL
EMBR,0,10.054217527228353,FTVL
FRMT,0,20.33224004769968,FTVL
FTVL,0,0,FTVL
GLEN,0,14.888090888039963,FTVL
HAYW,0,10.391729898408872,FTVL
LAFY,0,14.250864209298639,FTVL
LAKE,0,2.7443006702989696,FTVL
MCAR,0,5.025021433783946,FTVL
MLBR,0,26.36239298483742,FTVL
MONT,0,10.416172011415645,FTVL
NBRK,0,8.783575917373247,FTVL
NCON,0,24.642366546247768,FTVL
ORIN,0,10.811734007341268,FTVL
PITT,0,29.109611966784485,FTVL
PHIL,0,19.13538119357262,FTVL
POWL,0,10.835105205851372,FTVL
RICH,0,14.914926769967485,FTVL
ROCK,0,6.424607292467202,FTVL
SBRN,0,23.28781406306039,FTVL
SFIA,0,25.271121699907347,FTVL
SANL,0,4.994102750814811,FTVL
SHAY,0,13.359792304723028,FTVL
SSAN,0,20.902295023158832,FTVL
UCTY,0,17.071636048266583,FTVL
WCRK,0,17.445419694787827,FTVL
WDUB,0,18.522149910868215,FTVL
WOAK,0,4.405570655760643,FTVL
12TH,0,11.741849707770568,GLEN
16TH,0,2.4702359433213994,GLEN
19TH,0,12.064339217422543,GLEN
24TH,0,1.5843489066458554,GLEN
ASHB,0,15.187681270901278,GLEN
BALB,0,1.0496820717438877,GLEN
BAYF,0,22.458567905992005,GLEN
CAST,0,25.30492686032946,GLEN
CIVC,0,3.5195415368279934,GLEN
COLS,0,16.955568246680055,GLEN
COLM,0,4.153634867533318,GLEN
CONC,0,31.05008111550021,GLEN
DALY,0,2.6638636002830998,GLEN
DBRK,0,16.353183181011044,GLEN
DUBL,0,34.9357423271329,GLEN
DELN,0,21.266237183833017,GLEN
PLZA,0,19.423475906124068,GLEN
EMBR,0,4.833873360811376,GLEN
FRMT,0,35.220330935739334,GLEN
FTVL,0,14.88809088803965,GLEN
GLEN,0,0,GLEN
HAYW,0,25.279820786448525,GLEN
LAFY,0,22.71055273607036,GLEN
LAKE,0,12.143790217740728,GLEN
MCAR,0,13.484709960555666,GLEN
MLBR,0,11.474302096797453,GLEN
MONT,0,4.471918876624076,GLEN
NBRK,0,17.243264444144966,GLEN
NCON,0,33.10205507301949,GLEN
ORIN,0,19.271422534112986,GLEN
PITT,0,37.569300493556206,GLEN
PHIL,0,27.59506972034434,GLEN
POWL,0,4.0529856821882,GLEN
RICH,0,23.3746152967392,GLEN
ROCK,0,14.884295819238922,GLEN
SBRN,0,8.399723175020426,GLEN
SFIA,0,10.38303081186738,GLEN
SANL,0,19.882193638854464,GLEN
SHAY,0,28.24788319276268,GLEN
SSAN,0,6.014204135118868,GLEN
UCTY,0,31.959726936306236,GLEN
WCRK,0,25.905108221559548,GLEN
WDUB,0,33.410240798907864,GLEN
WOAK,0,10.482520232279079,GLEN
12TH,0,13.673891079407408,HAYW
16TH,0,22.80958484312694,HAYW
19TH,0,13.996380589059383,HAYW
24TH,0,23.695471879802536,HAYW
ASHB,0,17.119722642538118,HAYW
BALB,0,26.329502858192406,HAYW
BAYF,0,2.8212528804563544,HAYW
CAST,0,5.667611834793808,HAYW
CIVC,0,21.760279249620137,HAYW
COLS,0,8.324252539768281,HAYW
COLM,0,29.433455653981838,HAYW
CONC,0,32.982122487137055,HAYW
DALY,0,27.94368438673162,HAYW
DBRK,0,18.285224552647882,HAYW
DUBL,0,15.298427301597252,HAYW
DELN,0,23.198278555469855,HAYW
PLZA,0,21.355517277760907,HAYW
EMBR,0,20.44594742563691,HAYW
FRMT,0,9.940510149290809,HAYW
FTVL,0,10.391729898408558,HAYW
GLEN,0,25.279820786448518,HAYW
HAYW,0,0,HAYW
LAFY,0,24.6425941077072,HAYW
LAKE,0,13.136030568707527,HAYW
MCAR,0,15.416751332192506,HAYW
MLBR,0,36.75412288324597,HAYW
MONT,0,20.8079019098242,HAYW
NBRK,0,19.175305815781805,HAYW
NCON,0,35.034096444656335,HAYW
ORIN,0,21.203463905749828,HAYW
PITT,0,39.50134186519305,HAYW
PHIL,0,29.527111091981183,HAYW
POWL,0,21.226835104259926,HAYW
RICH,0,25.30665666837604,HAYW
ROCK,0,16.81633719087576,HAYW
SBRN,0,33.679543961468944,HAYW
SFIA,0,35.662851598315896,HAYW
SANL,0,5.397627147593761,HAYW
SHAY,0,2.9680624063141554,HAYW
SSAN,0,31.294024921567388,HAYW
UCTY,0,6.679906149857712,HAYW
WCRK,0,27.83714959319639,HAYW
WDUB,0,13.772925773372217,HAYW
WOAK,0,14.797300554169201,HAYW
12TH,0,10.968703028299945,LAFY
16TH,0,20.240316792749176,LAFY
19TH,0,10.646213518647775,LAFY
24TH,0,21.12620382942477,LAFY
ASHB,0,10.9288140858602,LAFY
BALB,0,23.76023480781464,LAFY
BAYF,0,21.821341227251022,LAFY
CAST,0,24.667700181588476,LAFY
CIVC,0,19.19101119924237,LAFY
COLS,0,16.318341567939072,LAFY
COLM,0,26.864187603604073,LAFY
CONC,0,8.33952837942985,LAFY
DALY,0,25.374416336353853,LAFY
DBRK,0,12.094315995969966,LAFY
DUBL,0,34.29851564839192,LAFY
DELN,0,17.00736999879194,LAFY
PLZA,0,15.16460872108299,LAFY
EMBR,0,17.876679375259144,LAFY
FRMT,0,34.58310425699835,LAFY
FTVL,0,14.250864209298669,LAFY
GLEN,0,22.710552736070753,LAFY
HAYW,0,24.642594107707538,LAFY
LAFY,0,0,LAFY
LAKE,0,11.506563538999746,LAFY
MCAR,0,9.225842775514588,LAFY
MLBR,0,34.18485483286821,LAFY
MONT,0,18.238633859446434,LAFY
NBRK,0,12.984397259103888,LAFY
NCON,0,10.391502336949133,LAFY
ORIN,0,3.4391302019574588,LAFY
PITT,0,14.858747757485848,LAFY
PHIL,0,4.884516984273983,LAFY
POWL,0,18.65756705388216,LAFY
RICH,0,19.115748111698124,LAFY
ROCK,0,7.82625691683147,LAFY
SBRN,0,31.110275911091183,LAFY
SFIA,0,33.09358354793814,LAFY
SANL,0,19.24496696011348,LAFY
SHAY,0,27.61065651402169,LAFY
SSAN,0,28.724756871189623,LAFY
UCTY,0,31.32250025756525,LAFY
WCRK,0,3.1945554854891887,LAFY
WDUB,0,32.773014120166884,LAFY
WOAK,0,12.228032503791436,LAFY
12TH,0,0.53786051069988,LAKE
16TH,0,9.673554274419415,LAKE
19TH,0,0.8603500203518542,LAKE
24TH,0,10.559441311095009,LAKE
ASHB,0,3.983692073830589,LAKE
BALB,0,13.193472289484879,LAKE
BAYF,0,10.314777688251278,LAKE
CAST,0,13.161136642588732,LAKE
CIVC,0,8.624248680912608,LAKE
COLS,0,4.811778028939328,LAKE
COLM,0,16.29742508527431,LAKE
CONC,0,19.84609191842952,LAKE
DALY,0,14.807653818024091,LAKE
DBRK,0,5.149193983940355,LAKE
DUBL,0,22.791952109392177,LAKE
DELN,0,10.062247986762328,LAKE
PLZA,0,8.219486709053378,LAKE
EMBR,0,7.309916856929382,LAKE
FRMT,0,23.076540717998604,LAKE
FTVL,0,2.744300670298923,LAKE
GLEN,0,12.14379021774099,LAKE
HAYW,0,13.136030568707795,LAKE
LAFY,0,11.50656353899967,LAKE
LAKE,0,0,LAKE
MCAR,0,2.2807207634849767,LAKE
MLBR,0,23.618092314538444,LAKE
MONT,0,7.671871341116673,LAKE
NBRK,0,6.0392752470742765,LAKE
NCON,0,21.8980658759488,LAKE
ORIN,0,8.0674333370423,LAKE
PITT,0,26.365311296485515,LAKE
PHIL,0,16.39108052327365,LAKE
POWL,0,8.0908045355524,LAKE
RICH,0,12.170626099668514,LAKE
ROCK,0,3.6803066221682323,LAKE
SBRN,0,20.54351339276142,LAKE
SFIA,0,22.526821029608374,LAKE
SANL,0,7.738403421113735,LAKE
SHAY,0,16.10409297502195,LAKE
SSAN,0,18.15799435285986,LAKE
UCTY,0,19.815936718565506,LAKE
WCRK,0,14.701119024488857,LAKE
WDUB,0,21.266450581167142,LAKE
WOAK,0,1.661269985461673,LAKE
12TH,0,1.7428602527853576,MCAR
16TH,0,11.01447401723459,MCAR
19TH,0,1.4203707431331867,MCAR
24TH,0,11.900361053910185,MCAR
ASHB,0,1.7029713103456123,MCAR
BALB,0,14.534392032300055,MCAR
BAYF,0,12.595498451736436,MCAR
CAST,0,15.44185740607389,MCAR
CIVC,0,9.965168423727784,MCAR
COLS,0,7.092498792424486,MCAR
COLM,0,17.638344828089487,MCAR
CONC,0,17.565371154944543,MCAR
DALY,0,16.148573560839267,MCAR
DBRK,0,2.8684732204553782,MCAR
DUBL,0,25.072672872877334,MCAR
DELN,0,7.781527223277351,MCAR
PLZA,0,5.9387659455684005,MCAR
EMBR,0,8.650836599744556,MCAR
FRMT,0,25.357261481483764,MCAR
FTVL,0,5.025021433784082,MCAR
GLEN,0,13.484709960556167,MCAR
HAYW,0,15.416751332192954,MCAR
LAFY,0,9.225842775514693,MCAR
LAKE,0,2.280720763485159,MCAR
MCAR,0,0,MCAR
MLBR,0,24.959012057353625,MCAR
MONT,0,9.012791083931848,MCAR
NBRK,0,3.7585544835892994,MCAR
NCON,0,19.617345112463823,MCAR
ORIN,0,5.786712573557322,MCAR
PITT,0,24.08459053300054,MCAR
PHIL,0,14.110359759788675,MCAR
POWL,0,9.431724278367575,MCAR
RICH,0,9.889905336183537,MCAR
ROCK,0,1.3995858586832557,MCAR
SBRN,0,21.884433135576597,MCAR
SFIA,0,23.867740772423552,MCAR
SANL,0,10.019124184598894,MCAR
SHAY,0,18.38481373850711,MCAR
SSAN,0,19.498914095675037,MCAR
UCTY,0,22.096657482050666,MCAR
WCRK,0,12.420398261003882,MCAR
WDUB,0,23.5471713446523,MCAR
WOAK,0,3.0021897282768477,MCAR
12TH,0,23.216151804567886,MLBR
16TH,0,13.944538040118713,MLBR
19TH,0,23.53864131421986,MLBR
24TH,0,13.058651003443169,MLBR
ASHB,0,26.661983367698596,MLBR
BALB,0,10.424620025053391,MLBR
BAYF,0,33.93287000278932,MLBR
CAST,0,36.779228957126776,MLBR
CIVC,0,14.993843633625307,MLBR
COLS,0,28.429870343477372,MLBR
COLM,0,7.320667229263993,MLBR
CONC,0,42.52438321229753,MLBR
DALY,0,8.810438496514221,MLBR
DBRK,0,27.827485277808364,MLBR
DUBL,0,46.410044423930216,MLBR
DELN,0,32.74053928063034,MLBR
PLZA,0,30.897778002921388,MLBR
EMBR,0,16.30817545760869,MLBR
FRMT,0,46.69463303253664,MLBR
FTVL,0,26.36239298483697,MLBR
GLEN,0,11.474302096797313,MLBR
HAYW,0,36.75412288324584,MLBR
LAFY,0,34.18485483286767,MLBR
LAKE,0,23.618092314538046,MLBR
MCAR,0,24.959012057352982,MLBR
MLBR,0,0,MLBR
MONT,0,15.94622097342139,MLBR
NBRK,0,28.717566540942286,MLBR
NCON,0,44.57635716981681,MLBR
ORIN,0,30.745724630910303,MLBR
PITT,0,49.04360259035352,MLBR
PHIL,0,39.06937181714166,MLBR
POWL,0,15.527287778985514,MLBR
RICH,0,34.848917393536524,MLBR
ROCK,0,26.35859791603624,MLBR
SBRN,0,3.074578921777149,MLBR
SFIA,0,1.1570304500411714,MLBR
SANL,0,31.35649573565178,MLBR
SHAY,0,39.722185289559995,MLBR
SSAN,0,5.460097961678535,MLBR
UCTY,0,43.43402903310355,MLBR
WCRK,0,37.37941031835686,MLBR
WDUB,0,44.88454289570518,MLBR
WOAK,0,21.956822329076395,MLBR
12TH,0,7.2699308311464925,MONT
16TH,0,2.0016829333027415,MONT
19TH,0,7.5924203407984665,MONT
24TH,0,2.8875699699783355,MONT
ASHB,0,10.715762394277201,MONT
BALB,0,5.521600948368206,MONT
BAYF,0,17.98664902936793,MONT
CAST,0,20.833007983705382,MONT
CIVC,0,0.9523773397959352,MONT
COLS,0,12.48364937005598,MONT
COLM,0,8.625553744157635,MONT
CONC,0,26.578162238876132,MONT
DALY,0,7.135782476907417,MONT
DBRK,0,11.881264304386967,MONT
DUBL,0,30.463823450508826,MONT
DELN,0,16.79431830720894,MONT
PLZA,0,14.951557029499991,MONT
EMBR,0,0.3619544841873,MONT
FRMT,0,30.748412059115253,MONT
FTVL,0,10.416172011415576,MONT
GLEN,0,4.471918876624318,MONT
HAYW,0,20.807901909824444,MONT
LAFY,0,18.23863385944628,MONT
LAKE,0,7.6718713411166535,MONT
MCAR,0,9.012791083931589,MONT
MLBR,0,15.94622097342177,MONT
MONT,0,0,MONT
NBRK,0,12.77134556752089,MONT
NCON,0,28.630136196395412,MONT
ORIN,0,14.799503657488911,MONT
PITT,0,33.097381616932125,MONT
PHIL,0,23.123150843720264,MONT
POWL,0,0.41893319443572624,MONT
RICH,0,18.902696420115124,MONT
ROCK,0,10.412376942614845,MONT
SBRN,0,12.871642051644743,MONT
SFIA,0,14.854949688491697,MONT
SANL,0,15.410274762230387,MONT
SHAY,0,23.775964316138598,MONT
SSAN,0,10.486123011743185,MONT
UCTY,0,27.487808059682155,MONT
WCRK,0,21.43318934493547,MONT
WDUB,0,28.93832192228379,MONT
WOAK,0,6.0106013556550035,MONT
12TH,0,5.501414736374609,NBRK
16TH,0,14.773028500823843,NBRK
19TH,0,5.178925226722438,NBRK
24TH,0,15.658915537499437,NBRK
ASHB,0,2.0555831732434453,NBRK
BALB,0,18.29294651588931,NBRK
BAYF,0,16.354052935325686,NBRK
CAST,0,19.20041188966314,NBRK
CIVC,0,13.723722907317036,NBRK
COLS,0,10.851053276013738,NBRK
COLM,0,21.39689931167874,NBRK
CONC,0,21.323925638533794,NBRK
DALY,0,19.90712804442852,NBRK
DBRK,0,0.8900812631339269,NBRK
DUBL,0,28.831227356466584,NBRK
DELN,0,4.0229727396880515,NBRK
PLZA,0,2.1802114619791015,NBRK
EMBR,0,12.409391083333809,NBRK
FRMT,0,29.11581596507301,NBRK
FTVL,0,8.783575917373334,NBRK
GLEN,0,17.24326444414542,NBRK
HAYW,0,19.175305815782203,NBRK
LAFY,0,12.984397259103943,NBRK
LAKE,0,6.039275247074411,NBRK
MCAR,0,3.7585544835892515,NBRK
MLBR,0,28.717566540942876,NBRK
MONT,0,12.7713455675211,NBRK
NBRK,0,0,NBRK
NCON,0,23.375899596053074,NBRK
ORIN,0,9.545267057146573,NBRK
PITT,0,27.84314501658979,NBRK
PHIL,0,17.868914243377926,NBRK
POWL,0,13.190278761956828,NBRK
RICH,0,6.131350852594236,NBRK
ROCK,0,5.158140342272507,NBRK
SBRN,0,25.64298761916585,NBRK
SFIA,0,27.626295256012806,NBRK
SANL,0,13.777678668188145,NBRK
SHAY,0,22.143368222096356,NBRK
SSAN,0,23.25746857926429,NBRK
UCTY,0,25.855211965639914,NBRK
WCRK,0,16.178952744593133,NBRK
WDUB,0,27.30572582824155,NBRK
WOAK,0,6.760744211866099,NBRK
12TH,0,21.3602053652489,NCON
16TH,0,30.63181912969813,NCON
19TH,0,21.037715855596726,NCON
24TH,0,31.517706166373724,NCON
ASHB,0,21.320316422809153,NCON
BALB,0,34.151737144763594,NCON
BAYF,0,32.21284356419998,NCON
CAST,0,35.05920251853743,NCON
CIVC,0,29.582513536191325,NCON
COLS,0,26.709843904888025,NCON
COLM,0,37.255689940553026,NCON
CONC,0,2.0519739575193863,NCON
DALY,0,35.76591867330281,NCON
DBRK,0,22.485818332918917,NCON
DUBL,0,44.69001798534087,NCON
DELN,0,27.39887233574089,NCON
PLZA,0,25.55611105803194,NCON
EMBR,0,28.268181712208097,NCON
FRMT,0,44.9746065939473,NCON
FTVL,0,24.642366546247622,NCON
GLEN,0,33.102055073019706,NCON
HAYW,0,35.0340964446565,NCON
LAFY,0,10.391502336948951,NCON
LAKE,0,21.8980658759487,NCON
MCAR,0,19.61734511246354,NCON
MLBR,0,44.576357169817165,NCON
MONT,0,28.630136196395387,NCON
NBRK,0,23.37589959605284,NCON
NCON,0,0,NCON
ORIN,0,13.83063253890641,NCON
PITT,0,4.467245420536716,NCON
PHIL,0,5.506985352675097,NCON
POWL,0,29.049069390831114,NCON
RICH,0,29.507250448647074,NCON
ROCK,0,18.21775925378042,NCON
SBRN,0,41.50177824804014,NCON
SFIA,0,43.48508588488709,NCON
SANL,0,29.636469297062433,NCON
SHAY,0,38.00215885097065,NCON
SSAN,0,39.11625920813858,NCON
UCTY,0,41.714002594514206,NCON
WCRK,0,7.1969468514597565,NCON
WDUB,0,43.16451645711584,NCON
WOAK,0,22.61953484074039,NCON
12TH,0,7.529572826342487,ORIN
16TH,0,16.80118659079172,ORIN
19TH,0,7.207083316690316,ORIN
24TH,0,17.687073627467313,ORIN
ASHB,0,7.489683883902741,ORIN
BALB,0,20.321104605857183,ORIN
BAYF,0,18.382211025293564,ORIN
CAST,0,21.22856997963102,ORIN
CIVC,0,15.751880997284914,ORIN
COLS,0,12.879211365981616,ORIN
COLM,0,23.425057401646615,ORIN
CONC,0,11.778658581387221,ORIN
DALY,0,21.935286134396396,ORIN
DBRK,0,8.655185794012507,ORIN
DUBL,0,30.859385446434462,ORIN
DELN,0,13.568239796834481,ORIN
PLZA,0,11.72547851912553,ORIN
EMBR,0,14.437549173301687,ORIN
FRMT,0,31.143974055040893,ORIN
FTVL,0,10.811734007341212,ORIN
GLEN,0,19.271422534113295,ORIN
HAYW,0,21.203463905750084,ORIN
LAFY,0,3.439130201957371,ORIN
LAKE,0,8.067433337042289,ORIN
MCAR,0,5.7867125735571285,ORIN
MLBR,0,30.74572463091075,ORIN
MONT,0,14.799503657488978,ORIN
NBRK,0,9.545267057146429,ORIN
NCON,0,13.830632538906503,ORIN
ORIN,0,0,ORIN
PITT,0,18.29787795944322,ORIN
PHIL,0,8.323647186231353,ORIN
POWL,0,15.218436851924706,ORIN
RICH,0,15.676617909740667,ORIN
ROCK,0,4.387126714874011,ORIN
SBRN,0,27.671145709133725,ORIN
SFIA,0,29.65445334598068,ORIN
SANL,0,15.805836758156023,ORIN
SHAY,0,24.171526312064238,ORIN
SSAN,0,25.285626669232165,ORIN
UCTY,0,27.883370055607795,ORIN
WCRK,0,6.63368568744656,ORIN
WDUB,0,29.333883918209427,ORIN
WOAK,0,8.788902301833977,ORIN
12TH,0,25.827450785785576,PITT
16TH,0,35.09906455023481,PITT
19TH,0,25.504961276133404,PITT
24TH,0,35.9849515869104,PITT
ASHB,0,25.78756184334583,PITT
BALB,0,38.61898256530027,PITT
BAYF,0,36.680088984736656,PITT
CAST,0,39.52644793907411,PITT
CIVC,0,34.049758956728,PITT
COLS,0,31.177089325424703,PITT
COLM,0,41.722935361089704,PITT
CONC,0,6.519219378056064,PITT
DALY,0,40.233164093839484,PITT
DBRK,0,26.953063753455595,PITT
DUBL,0,49.15726340587756,PITT
DELN,0,31.866117756277568,PITT
PLZA,0,30.02335647856862,PITT
EMBR,0,32.735427132744775,PITT
FRMT,0,49.44185201448398,PITT
FTVL,0,29.1096119667843,PITT
GLEN,0,37.56930049355638,PITT
HAYW,0,39.501341865193176,PITT
LAFY,0,14.85874775748563,PITT
LAKE,0,26.365311296485377,PITT
MCAR,0,24.084590533000217,PITT
MLBR,0,49.04360259035384,PITT
MONT,0,33.09738161693207,PITT
NBRK,0,27.843145016589517,PITT
NCON,0,4.4672454205366785,PITT
ORIN,0,18.29787795944309,PITT
PITT,0,0,PITT
PHIL,0,9.974230773211776,PITT
POWL,0,33.51631481136779,PITT
RICH,0,33.974495869183755,PITT
ROCK,0,22.6850046743171,PITT
SBRN,0,45.96902366857682,PITT
SFIA,0,47.95233130542377,PITT
SANL,0,34.10371471759911,PITT
SHAY,0,42.46940427150733,PITT
SSAN,0,43.58350462867526,PITT
UCTY,0,46.18124801505088,PITT
WCRK,0,11.664192271996436,PITT
WDUB,0,47.63176187765252,PITT
WOAK,0,27.086780261277067,PITT
12TH,0,15.853220012573798,PHIL
16TH,0,25.124833777023028,PHIL
19TH,0,15.530730502921628,PHIL
24TH,0,26.010720813698622,PHIL
ASHB,0,15.813331070134053,PHIL
BALB,0,28.644751792088492,PHIL
BAYF,0,26.705858211524877,PHIL
CAST,0,29.55221716586233,PHIL
CIVC,0,24.075528183516223,PHIL
COLS,0,21.202858552212927,PHIL
COLM,0,31.748704587877924,PHIL
CONC,0,3.4550113951558683,PHIL
DALY,0,30.258933320627705,PHIL
DBRK,0,16.97883298024382,PHIL
DUBL,0,39.18303263266577,PHIL
DELN,0,21.891886983065792,PHIL
PLZA,0,20.049125705356843,PHIL
EMBR,0,22.761196359532995,PHIL
FRMT,0,39.4676212412722,PHIL
FTVL,0,19.135381193572524,PHIL
GLEN,0,27.595069720344604,PHIL
HAYW,0,29.527111091981396,PHIL
LAFY,0,4.884516984273854,PHIL
LAKE,0,16.3910805232736,PHIL
MCAR,0,14.110359759788441,PHIL
MLBR,0,39.06937181714206,PHIL
MONT,0,23.123150843720286,PHIL
NBRK,0,17.86891424337774,PHIL
NCON,0,5.50698535267515,PHIL
ORIN,0,8.323647186231312,PHIL
PITT,0,9.974230773211865,PHIL
PHIL,0,0,PHIL
POWL,0,23.542084038156013,PHIL
RICH,0,24.000265095971976,PHIL
ROCK,0,12.710773901105323,PHIL
SBRN,0,35.99479289536504,PHIL
SFIA,0,37.97810053221199,PHIL
SANL,0,24.129483944387335,PHIL
SHAY,0,32.49517349829555,PHIL
SSAN,0,33.60927385546348,PHIL
UCTY,0,36.207017241839104,PHIL
WCRK,0,1.6899614987846596,PHIL
WDUB,0,37.657531104440736,PHIL
WOAK,0,17.112549488065287,PHIL
12TH,0,7.688864025582369,POWL
16TH,0,1.5827497388670155,POWL
19TH,0,8.011353535234344,POWL
24TH,0,2.4686367755426097,POWL
ASHB,0,11.134695588713079,POWL
BALB,0,5.10266775393248,POWL
BAYF,0,18.405582223803805,POWL
CAST,0,21.25194117814126,POWL
CIVC,0,0.533444145360209,POWL
COLS,0,12.902582564491857,POWL
COLM,0,8.20662054972191,POWL
CONC,0,26.997095433312012,POWL
DALY,0,6.716849282471692,POWL
DBRK,0,12.300197498822845,POWL
DUBL,0,30.882756644944703,POWL
DELN,0,17.21325150164482,POWL
PLZA,0,15.37049022393587,POWL
EMBR,0,0.7808876786231762,POWL
FRMT,0,31.167345253551133,POWL
FTVL,0,10.835105205851452,POWL
GLEN,0,4.052985682188592,POWL
HAYW,0,21.226835104260324,POWL
LAFY,0,18.65756705388216,POWL
LAKE,0,8.090804535552529,POWL
MCAR,0,9.431724278367467,POWL
MLBR,0,15.527287778986045,POWL
MONT,0,0.41893319443587623,POWL
NBRK,0,13.190278761956767,POWL
NCON,0,29.049069390831292,POWL
ORIN,0,15.218436851924789,POWL
PITT,0,33.516314811368005,POWL
PHIL,0,23.542084038156144,POWL
POWL,0,0,POWL
RICH,0,19.321629614551004,POWL
ROCK,0,10.831310137050723,POWL
SBRN,0,12.452708857209018,POWL
SFIA,0,14.436016494055972,POWL
SANL,0,15.829207956666263,POWL
SHAY,0,24.194897510574478,POWL
SSAN,0,10.06718981730746,POWL
UCTY,0,27.906741254118035,POWL
WCRK,0,21.85212253937135,POWL
WDUB,0,29.357255116719667,POWL
WOAK,0,6.42953455009088,POWL
12TH,0,11.63276558896887,RICH
16TH,0,20.9043793534181,RICH
19TH,0,11.310276079316699,RICH
24TH,0,21.790266390093695,RICH
ASHB,0,8.186934025837706,RICH
BALB,0,24.424297368483565,RICH
BAYF,0,22.485403787919946,RICH
CAST,0,25.3317627422574,RICH
CIVC,0,19.855073759911296,RICH
COLS,0,16.982404128607996,RICH
COLM,0,27.528250164272997,RICH
CONC,0,27.455276491128057,RICH
DALY,0,26.038478897022777,RICH
DBRK,0,7.021432115728188,RICH
DUBL,0,34.962578209060844,RICH
DELN,0,2.1083781129061947,RICH
PLZA,0,3.951139390615239,RICH
EMBR,0,18.540741935928068,RICH
FRMT,0,35.24716681766727,RICH
FTVL,0,14.914926769967593,RICH
GLEN,0,23.374615296739677,RICH
HAYW,0,25.306656668376462,RICH
LAFY,0,19.115748111698206,RICH
LAKE,0,12.17062609966867,RICH
MCAR,0,9.889905336183512,RICH
MLBR,0,34.848917393537135,RICH
MONT,0,18.902696420115358,RICH
NBRK,0,6.131350852594261,RICH
NCON,0,29.507250448647337,RICH
ORIN,0,15.676617909740834,RICH
PITT,0,33.974495869184054,RICH
PHIL,0,24.00026509597219,RICH
POWL,0,19.321629614551085,RICH
RICH,0,0,RICH
ROCK,0,11.289491194866768,RICH
SBRN,0,31.774338471760107,RICH
SFIA,0,33.75764610860706,RICH
SANL,0,19.909029520782404,RICH
SHAY,0,28.274719074690616,RICH
SSAN,0,29.388819431858547,RICH
UCTY,0,31.986562818234173,RICH
WCRK,0,22.310303597187396,RICH
WDUB,0,33.43707668083581,RICH
WOAK,0,12.89209506446036,RICH
12TH,0,3.142446111468475,ROCK
16TH,0,12.414059875917708,ROCK
19TH,0,2.819956601816304,ROCK
24TH,0,13.299946912593303,ROCK
ASHB,0,3.1025571690287297,ROCK
BALB,0,15.933977890983172,ROCK
BAYF,0,13.995084310419553,ROCK
CAST,0,16.841443264757007,ROCK
CIVC,0,11.364754282410901,ROCK
COLS,0,8.492084651107604,ROCK
COLM,0,19.037930686772604,ROCK
CONC,0,16.165785296261287,ROCK
DALY,0,17.548159419522385,ROCK
DBRK,0,4.268059079138496,ROCK
DUBL,0,26.47225873156045,ROCK
DELN,0,9.181113081960468,ROCK
PLZA,0,7.338351804251518,ROCK
EMBR,0,10.050422458427674,ROCK
FRMT,0,26.75684734016688,ROCK
FTVL,0,6.424607292467199,ROCK
GLEN,0,14.884295819239284,ROCK
HAYW,0,16.81633719087607,ROCK
LAFY,0,7.826256916831436,ROCK
LAKE,0,3.6803066221682763,ROCK
MCAR,0,1.3995858586831174,ROCK
MLBR,0,26.358597916036743,ROCK
MONT,0,10.412376942614966,ROCK
NBRK,0,5.158140342272417,ROCK
NCON,0,18.217759253780567,ROCK
ORIN,0,4.387126714874066,ROCK
PITT,0,22.685004674317284,ROCK
PHIL,0,12.71077390110542,ROCK
POWL,0,10.831310137050693,ROCK
RICH,0,11.289491194866654,ROCK
ROCK,0,0,ROCK
SBRN,0,23.284018994259714,ROCK
SFIA,0,25.26732663110667,ROCK
SANL,0,11.418710043282012,ROCK
SHAY,0,19.784399597190223,ROCK
SSAN,0,20.898499954358154,ROCK
UCTY,0,23.49624334073378,ROCK
WCRK,0,11.020812402320626,ROCK
WDUB,0,24.946757203335416,ROCK
WOAK,0,4.401775586959965,ROCK
12TH,0,20.141572882790733,SBRN
16TH,0,10.869959118341564,SBRN
19TH,0,20.464062392442706,SBRN
24TH,0,9.98407208166602,SBRN
ASHB,0,23.587404445921443,SBRN
BALB,0,7.350041103276244,SBRN
BAYF,0,30.858291081012172,SBRN
CAST,0,33.70465003534962,SBRN
CIVC,0,11.919264711848157,SBRN
COLS,0,25.355291421700223,SBRN
COLM,0,4.246088307486844,SBRN
CONC,0,39.449804290520376,SBRN
DALY,0,5.7358595747370735,SBRN
DBRK,0,24.75290635603121,SBRN
DUBL,0,43.33546550215307,SBRN
DELN,0,29.665960358853184,SBRN
PLZA,0,27.823199081144235,SBRN
EMBR,0,13.233596535831541,SBRN
FRMT,0,43.62005411075949,SBRN
FTVL,0,23.28781406305982,SBRN
GLEN,0,8.399723175020164,SBRN
HAYW,0,33.67954396146869,SBRN
LAFY,0,31.110275911090522,SBRN
LAKE,0,20.543513392760897,SBRN
MCAR,0,21.88443313557583,SBRN
MLBR,0,3.074578921777027,SBRN
MONT,0,12.87164205164424,SBRN
NBRK,0,25.642987619165133,SBRN
NCON,0,41.501778248039656,SBRN
ORIN,0,27.67114570913315,SBRN
PITT,0,45.96902366857637,SBRN
PHIL,0,35.994792895364505,SBRN
POWL,0,12.452708857208364,SBRN
RICH,0,31.774338471759368,SBRN
ROCK,0,23.284018994259085,SBRN
SBRN,0,0,SBRN
SFIA,0,1.983307636846954,SBRN
SANL,0,28.28191681387463,SBRN
SHAY,0,36.64760636778284,SBRN
SSAN,0,2.3855190399013866,SBRN
UCTY,0,40.359450111326396,SBRN
WCRK,0,34.30483139657971,SBRN
WDUB,0,41.809963973928035,SBRN
WOAK,0,18.882243407299246,SBRN
12TH,0,22.12488051963785,SFIA
16TH,0,12.85326675518868,SFIA
19TH,0,22.44737002928982,SFIA
24TH,0,11.967379718513135,SFIA
ASHB,0,25.57071208276856,SFIA
BALB,0,9.333348740123357,SFIA
BAYF,0,32.84159871785929,SFIA
CAST,0,35.687957672196745,SFIA
CIVC,0,13.902572348695273,SFIA
COLS,0,27.338599058547338,SFIA
COLM,0,6.229395944333959,SFIA
CONC,0,41.43311192736749,SFIA
DALY,0,7.719167211584188,SFIA
DBRK,0,26.736213992878326,SFIA
DUBL,0,45.318773139000186,SFIA
DELN,0,31.6492679957003,SFIA
PLZA,0,29.80650671799135,SFIA
EMBR,0,15.216904172678657,SFIA
FRMT,0,45.60336174760661,SFIA
FTVL,0,25.271121699906935,SFIA
GLEN,0,10.383030811867279,SFIA
HAYW,0,35.66285159831581,SFIA
LAFY,0,33.093583547937634,SFIA
LAKE,0,22.526821029608012,SFIA
MCAR,0,23.867740772422945,SFIA
MLBR,0,1.1570304500410271,SFIA
MONT,0,14.854949688491356,SFIA
NBRK,0,27.62629525601225,SFIA
NCON,0,43.48508588488677,SFIA
ORIN,0,29.654453345980265,SFIA
PITT,0,47.952331305423485,SFIA
PHIL,0,37.97810053221162,SFIA
POWL,0,14.43601649405548,SFIA
RICH,0,33.75764610860649,SFIA
ROCK,0,25.2673266311062,SFIA
SBRN,0,1.9833076368471143,SFIA
SFIA,0,0,SFIA
SANL,0,30.265224450721746,SFIA
SHAY,0,38.630914004629965,SFIA
SSAN,0,4.368826676748501,SFIA
UCTY,0,42.34275774817352,SFIA
WCRK,0,36.28813903342682,SFIA
WDUB,0,43.79327161077515,SFIA
WOAK,0,20.86555104414636,SFIA
12TH,0,8.276263931813645,SANL
16TH,0,17.41195769553318,SANL
19TH,0,8.59875344146562,SANL
24TH,0,18.297844732208773,SANL
ASHB,0,11.722095494944355,SANL
BALB,0,20.931875710598643,SANL
BAYF,0,2.5763742671375427,SANL
CAST,0,5.422733221474996,SANL
CIVC,0,16.362652102026374,SANL
COLS,0,2.9266253921745196,SANL
COLM,0,24.035828506388075,SANL
CONC,0,27.584495339543288,SANL
DALY,0,22.546057239137856,SANL
DBRK,0,12.887597405054121,SANL
DUBL,0,15.05354868827844,SANL
DELN,0,17.800651407876096,SANL
PLZA,0,15.957890130167145,SANL
EMBR,0,15.048320278043146,SANL
FRMT,0,15.338137296884868,SANL
FTVL,0,4.994102750814797,SANL
GLEN,0,19.882193638854755,SANL
HAYW,0,5.3976271475940605,SANL
LAFY,0,19.244966960113437,SANL
LAKE,0,7.738403421113766,SANL
MCAR,0,10.019124184598743,SANL
MLBR,0,31.35649573565221,SANL
MONT,0,15.410274762230438,SANL
NBRK,0,13.777678668188043,SANL
NCON,0,29.63646929706257,SANL
ORIN,0,15.805836758156065,SANL
PITT,0,34.10371471759928,SANL
PHIL,0,24.12948394438742,SANL
POWL,0,15.829207956666165,SANL
RICH,0,19.90902952078228,SANL
ROCK,0,11.418710043282,SANL
SBRN,0,28.281916813875185,SANL
SFIA,0,30.26522445072214,SANL
SANL,0,0,SANL
SHAY,0,8.365689553908215,SANL
SSAN,0,25.896397773973625,SANL
UCTY,0,12.077533297451772,SANL
WCRK,0,22.439522445602627,SANL
WDUB,0,13.528047160053404,SANL
WOAK,0,9.399673406575438,SANL
12TH,0,16.641953485721608,SHAY
16TH,0,25.77764724944114,SHAY
19TH,0,16.96444299537358,SHAY
24TH,0,26.663534286116736,SHAY
ASHB,0,20.087785048852318,SHAY
BALB,0,29.297565264506606,SHAY
BAYF,0,5.789315286770554,SHAY
CAST,0,8.635674241108008,SHAY
CIVC,0,24.728341655934337,SHAY
COLS,0,11.292314946082481,SHAY
COLM,0,32.401518060296034,SHAY
CONC,0,35.95018489345125,SHAY
DALY,0,30.91174679304582,SHAY
DBRK,0,21.253286958962086,SHAY
DUBL,0,18.266489707911454,SHAY
DELN,0,26.16634096178406,SHAY
PLZA,0,24.32357968407511,SHAY
EMBR,0,23.41400983195111,SHAY
FRMT,0,6.972447742976653,SHAY
FTVL,0,13.359792304722758,SHAY
GLEN,0,28.247883192762718,SHAY
HAYW,0,2.9680624063141994,SHAY
LAFY,0,27.610656514021397,SHAY
LAKE,0,16.10409297502173,SHAY
MCAR,0,18.384813738506704,SHAY
MLBR,0,39.72218528956017,SHAY
MONT,0,23.7759643161384,SHAY
NBRK,0,22.143368222096008,SHAY
NCON,0,38.00215885097053,SHAY
ORIN,0,24.171526312064024,SHAY
PITT,0,42.469404271507244,SHAY
PHIL,0,32.49517349829538,SHAY
POWL,0,24.194897510574126,SHAY
RICH,0,28.274719074690243,SHAY
ROCK,0,19.78439959718996,SHAY
SBRN,0,36.64760636778315,SHAY
SFIA,0,38.6309140046301,SHAY
SANL,0,8.365689553907961,SHAY
SHAY,0,0,SHAY
SSAN,0,34.26208732788159,SHAY
UCTY,0,3.7118437435435565,SHAY
WCRK,0,30.805211999510586,SHAY
WDUB,0,16.74098817968642,SHAY
WOAK,0,17.7653629604834,SHAY
12TH,0,17.756053842889344,SSAN
16TH,0,8.484440078440176,SSAN
19TH,0,18.078543352541317,SSAN
24TH,0,7.5985530417646325,SSAN
ASHB,0,21.201885406020054,SSAN
BALB,0,4.964522063374856,SSAN
BAYF,0,28.472772041110783,SSAN
CAST,0,31.319130995448237,SSAN
CIVC,0,9.53374567194677,SSAN
COLS,0,22.969772381798833,SSAN
COLM,0,1.8605692675854577,SSAN
CONC,0,37.06428525061899,SSAN
DALY,0,3.350340534835687,SSAN
DBRK,0,22.367387316129822,SSAN
DUBL,0,40.94994646225168,SSAN
DELN,0,27.280441318951794,SSAN
PLZA,0,25.437680041242846,SSAN
EMBR,0,10.848077495930154,SSAN
FRMT,0,41.2345350708581,SSAN
FTVL,0,20.90229502315843,SSAN
GLEN,0,6.014204135118777,SSAN
HAYW,0,31.2940249215673,SSAN
LAFY,0,28.724756871189133,SSAN
LAKE,0,18.157994352859507,SSAN
MCAR,0,19.49891409567444,SSAN
MLBR,0,5.460097961678585,SSAN
MONT,0,10.486123011742853,SSAN
NBRK,0,23.257468579263744,SSAN
NCON,0,39.11625920813827,SSAN
ORIN,0,25.28562666923176,SSAN
PITT,0,43.58350462867498,SSAN
PHIL,0,33.609273855463115,SSAN
POWL,0,10.067189817306977,SSAN
RICH,0,29.38881943185798,SSAN
ROCK,0,20.898499954357696,SSAN
SBRN,0,2.3855190399015584,SSAN
SFIA,0,4.368826676748513,SSAN
SANL,0,25.89639777397324,SSAN
SHAY,0,34.26208732788145,SSAN
SSAN,0,0,SSAN
UCTY,0,37.97393107142501,SSAN
WCRK,0,31.919312356678322,SSAN
WDUB,0,39.424444934026646,SSAN
WOAK,0,16.496724367397857,SSAN
12TH,0,20.353797229265204,UCTY
16TH,0,29.489490992984738,UCTY
19TH,0,20.676286738917177,UCTY
24TH,0,30.375378029660332,UCTY
ASHB,0,23.799628792395914,UCTY
BALB,0,33.0094090080502,UCTY
BAYF,0,9.501159030314152,UCTY
CAST,0,12.347517984651606,UCTY
CIVC,0,28.440185399477933,UCTY
COLS,0,15.00415868962608,UCTY
COLM,0,36.11336180383963,UCTY
CONC,0,39.66202863699485,UCTY
DALY,0,34.62359053658941,UCTY
DBRK,0,24.965130702505682,UCTY
DUBL,0,21.97833345145505,UCTY
DELN,0,29.878184705327655,UCTY
PLZA,0,28.035423427618706,UCTY
EMBR,0,27.125853575494705,UCTY
FRMT,0,3.2606039994330964,UCTY
FTVL,0,17.071636048266356,UCTY
GLEN,0,31.959726936306314,UCTY
HAYW,0,6.679906149857798,UCTY
LAFY,0,31.322500257564993,UCTY
LAKE,0,19.815936718565325,UCTY
MCAR,0,22.0966574820503,UCTY
MLBR,0,43.43402903310377,UCTY
MONT,0,27.487808059681996,UCTY
NBRK,0,25.855211965639604,UCTY
NCON,0,41.71400259451413,UCTY
ORIN,0,27.88337005560762,UCTY
PITT,0,46.18124801505084,UCTY
PHIL,0,36.207017241838976,UCTY
POWL,0,27.906741254117723,UCTY
RICH,0,31.98656281823384,UCTY
ROCK,0,23.496243340733557,UCTY
SBRN,0,40.359450111326744,UCTY
SFIA,0,42.342757748173696,UCTY
SANL,0,12.07753329745156,UCTY
SHAY,0,3.7118437435435987,UCTY
SSAN,0,37.973931071425184,UCTY
UCTY,0,0,UCTY
WCRK,0,34.51705574305418,UCTY
WDUB,0,20.452831923230015,UCTY
WOAK,0,21.477206704026997,UCTY
12TH,0,14.16325851378914,WCRK
16TH,0,23.434872278238373,WCRK
19TH,0,13.84076900413697,WCRK
24TH,0,24.320759314913968,WCRK
ASHB,0,14.123369571349395,WCRK
BALB,0,26.954790293303837,WCRK
BAYF,0,25.01589671274022,WCRK
CAST,0,27.862255667077672,WCRK
CIVC,0,22.385566684731568,WCRK
COLS,0,19.51289705342827,WCRK
COLM,0,30.05874308909327,WCRK
CONC,0,5.144972893940662,WCRK
DALY,0,28.56897182184305,WCRK
DBRK,0,15.28887148145916,WCRK
DUBL,0,37.49307113388112,WCRK
DELN,0,20.201925484281134,WCRK
PLZA,0,18.359164206572185,WCRK
EMBR,0,21.07123486074834,WCRK
FRMT,0,37.777659742487536,WCRK
FTVL,0,17.445419694787866,WCRK
GLEN,0,25.90510822155995,WCRK
HAYW,0,27.837149593196735,WCRK
LAFY,0,3.1945554854891944,WCRK
LAKE,0,14.701119024488941,WCRK
MCAR,0,12.420398261003783,WCRK
MLBR,0,37.3794103183574,WCRK
MONT,0,21.43318934493563,WCRK
NBRK,0,16.178952744593083,WCRK
NCON,0,7.196946851459943,WCRK
ORIN,0,6.633685687446653,WCRK
PITT,0,11.664192271996658,WCRK
PHIL,0,1.6899614987847937,WCRK
POWL,0,21.852122539371358,WCRK
RICH,0,22.310303597187318,WCRK
ROCK,0,11.020812402320665,WCRK
SBRN,0,34.304831396580376,WCRK
SFIA,0,36.28813903342733,WCRK
SANL,0,22.439522445602677,WCRK
SHAY,0,30.805211999510888,WCRK
SSAN,0,31.91931235667882,WCRK
UCTY,0,34.51705574305444,WCRK
WCRK,0,0,WCRK
WDUB,0,35.96756960565608,WCRK
WOAK,0,15.42258798928063,WCRK
12TH,0,21.80431109186688,WDUB
16TH,0,30.940004855586412,WDUB
19TH,0,22.126800601518852,WDUB
24TH,0,31.825891892262007,WDUB
ASHB,0,25.25014265499759,WDUB
BALB,0,34.45992287065188,WDUB
BAYF,0,10.951672892915829,WDUB
CAST,0,8.105313938578414,WDUB
CIVC,0,29.890699262079607,WDUB
COLS,0,16.454672552227755,WDUB
COLM,0,37.56387566644131,WDUB
CONC,0,41.11254249959652,WDUB
DALY,0,36.07410439919109,WDUB
DBRK,0,26.415644565107357,WDUB
DUBL,0,1.5255015282250357,WDUB
DELN,0,31.32869856792933,WDUB
PLZA,0,29.48593729022038,WDUB
EMBR,0,28.57636743809638,WDUB
FRMT,0,23.71343592266316,WDUB
FTVL,0,18.52214991086803,WDUB
GLEN,0,33.41024079890799,WDUB
HAYW,0,13.772925773372346,WDUB
LAFY,0,32.773014120166664,WDUB
LAKE,0,21.266450581167,WDUB
MCAR,0,23.547171344651975,WDUB
MLBR,0,44.88454289570545,WDUB
MONT,0,28.93832192228367,WDUB
NBRK,0,27.30572582824128,WDUB
NCON,0,43.1645164571158,WDUB
ORIN,0,29.333883918209295,WDUB
PITT,0,47.631761877652515,WDUB
PHIL,0,37.65753110444065,WDUB
POWL,0,29.357255116719397,WDUB
RICH,0,33.43707668083552,WDUB
ROCK,0,24.94675720333523,WDUB
SBRN,0,41.809963973928426,WDUB
SFIA,0,43.79327161077538,WDUB
SANL,0,13.528047160053235,WDUB
SHAY,0,16.740988179686504,WDUB
SSAN,0,39.424444934026866,WDUB
UCTY,0,20.45283192323006,WDUB
WCRK,0,35.967569605655854,WDUB
WDUB,0,0,WDUB
WOAK,0,22.927720566628672,WDUB
12TH,0,1.259329475491489,WOAK
16TH,0,8.012284288957742,WOAK
19TH,0,1.5818189851434632,WOAK
24TH,0,8.898171325633337,WOAK
ASHB,0,4.705161038622198,WOAK
BALB,0,11.532202304023206,WOAK
BAYF,0,11.976047673712927,WOAK
CAST,0,14.82240662805038,WOAK
CIVC,0,6.962978695450936,WOAK
COLS,0,6.473048014400977,WOAK
COLM,0,14.636155099812637,WOAK
CONC,0,20.567560883221127,WOAK
DALY,0,13.14638383256242,WOAK
DBRK,0,5.870662948731964,WOAK
DUBL,0,24.453222094853825,WOAK
DELN,0,10.783716951553938,WOAK
PLZA,0,8.940955673844988,WOAK
EMBR,0,5.648646871467709,WOAK
FRMT,0,24.737810703460255,WOAK
FTVL,0,4.405570655760573,WOAK
GLEN,0,10.482520232279319,WOAK
HAYW,0,14.797300554169444,WOAK
LAFY,0,12.228032503791278,WOAK
LAKE,0,1.6612699854616497,WOAK
MCAR,0,3.0021897282765857,WOAK
MLBR,0,21.956822329076772,WOAK
MONT,0,6.010601355655,WOAK
NBRK,0,6.760744211865886,WOAK
NCON,0,22.619534840740407,WOAK
ORIN,0,8.788902301833907,WOAK
PITT,0,27.086780261277124,WOAK
PHIL,0,17.11254948806526,WOAK
POWL,0,6.429534550090726,WOAK
RICH,0,12.892095064460124,WOAK
ROCK,0,4.401775586959841,WOAK
SBRN,0,18.882243407299747,WOAK
SFIA,0,20.865551044146702,WOAK
SANL,0,9.399673406575385,WOAK
SHAY,0,17.7653629604836,WOAK
SSAN,0,16.496724367398187,WOAK
UCTY,0,21.477206704027157,WOAK
WCRK,0,15.422587989280466,WOAK
WDUB,0,22.92772056662879,WOAK
WOAK,0,0,WOAK
